INSERT INTO customer (last_name, first_name, date_of_birth, street, house_number, zip_code, city, phone, email) VALUES
('Wellensteyn', 'Kira', '1990-05-05', 'Eppendorfer Landstrasse', '104', '20249', 'Hamburg', '040/443322', 'k.wellensteyn@yahoo.de'),
('Foede', 'Dorothea', '2000-03-24', 'Ohmstrasse', '23', '22765', 'Hamburg', '040/543822', 'd.foede@web.de'),
('Leberer', 'Sigrid', '1989-09-21', 'Bilser Berg', '6', '20459', 'Hamburg', '0175/1234588', 'sigrid@leberer.de'),
('Soerensen', 'Hanna', '1974-04-03', 'Alter Teichweg', '95', '22049', 'Hamburg', '040/634578', 'h.soerensen@yahoo.de'),
('Schnitter', 'Marten', '1964-04-17', 'Stuebels', '10', '22835', 'Barsbuettel', '0176/447587', 'schni_mart@gmail.com'),
('Maurer', 'Belinda', '1978-09-09', 'Grotelertwiete', '4a', '21075', 'Hamburg', '040/332189', 'belinda1978@yahoo.de'),
('Gessert', 'Armin', '1978-01-29', 'Kuestersweg', '3', '21079', 'Hamburg', '040/67890', 'armin@gessert.de'),
('Haessig', 'Jean-Marc', '1982-08-30', 'Neugrabener Bahnhofstrasse', '30', '21149', 'Hamburg', '0178-67013390', 'jm@haessig.de'),
('Urocki', 'Eric', '1999-12-04', 'Elbchaussee', '228', '22605', 'Hamburg', '0152-96701390', 'urocki@outlook.de'),
('Schneider', 'Anna', '1995-07-20', 'Musterstrasse', '12', '22765', 'Hamburg', '040/5556789', 'anna.schneider@email.de'),
('Becker', 'Lukas', '1988-11-05', 'Hauptstrasse', '45', '22049', 'Hamburg', '0176/9876543', 'lukas.becker@email.de'),
('Fischer', 'Emma', '1992-04-18', 'Lindenweg', '7', '20459', 'Hamburg', '040/7654321', 'emma.fischer@email.de'),
('Wagner', 'Maximilian', '1985-09-10', 'Bergstrasse', '22', '22835', 'Barsbuettel', '0175/1234567', 'max.wagner@email.de'),
('Schulz', 'Mia', '2001-12-02', 'Schulstrasse', '3', '21075', 'Hamburg', '040/9988776', 'mia.schulz@email.de'),
('Schneider', 'Anna', '1995-07-20', 'Musterstrasse', '12', '22765', 'Hamburg', '040/5556789', 'anna.schneider@email.de'),
('Becker', 'Lukas', '1988-11-05', 'Hauptstrasse', '45', '22049', 'Hamburg', '0176/9876543', 'lukas.becker@email.de'),
('Fischer', 'Emma', '1992-04-18', 'Lindenweg', '7', '20459', 'Hamburg', '040/7654321', 'emma.fischer@email.de'),
('Wagner', 'Maximilian', '1985-09-10', 'Bergstrasse', '22', '22835', 'Barsbuettel', '0175/1234567', 'max.wagner@email.de'),
('Schulz', 'Mia', '2001-12-02', 'Schulstrasse', '3', '21075', 'Hamburg', '040/9988776', 'mia.schulz@email.de'),
('Neumann', 'Johannes', '1990-03-15', 'Ringstrasse', '10', '22087', 'Hamburg', '040/1234567', 'johannes.neumann@email.de'),
('Krüger', 'Sophia', '1987-06-21', 'Goethestrasse', '8', '22765', 'Hamburg', '0176/2345678', 'sophia.krueger@email.de'),
('Schmidt', 'Oliver', '1993-09-05', 'Lindenstrasse', '14', '22529', 'Hamburg', '040/3456789', 'oliver.schmidt@email.de'),
('Meier', 'Laura', '1982-11-30', 'Marktstrasse', '5', '22041', 'Hamburg', '040/4567890', 'laura.meier@email.de'),
('Hoffmann', 'Tim', '1996-08-12', 'Schulweg', '22', '22303', 'Hamburg', '0176/5678901', 'tim.hoffmann@email.de'),
('Weber', 'Nina', '1991-07-08', 'Parkallee', '7', '22607', 'Hamburg', '040/6789012', 'nina.weber@email.de'),
('Keller', 'Sebastian', '1984-02-25', 'Sonnenstrasse', '19', '22850', 'Norderstedt', '040/7890123', 'sebastian.keller@email.de'),
('Lehmann', 'Julia', '1997-12-14', 'Wiesenweg', '4', '22926', 'Ahrensburg', '0176/8901234', 'julia.lehmann@email.de'),
('Friedrich', 'David', '1989-05-07', 'Bahnhofstrasse', '9', '22395', 'Hamburg', '040/9012345', 'david.friedrich@email.de'),
('Wolf', 'Hanna', '1994-10-22', 'Hauptstrasse', '11', '21029', 'Hamburg', '040/1234568', 'hanna.wolf@email.de'),
('Berger', 'Felix', '1992-09-09', 'Nebenstrasse', '3', '20535', 'Hamburg', '0176/2345679', 'felix.berger@email.de'),
('Krause', 'Isabella', '1986-11-18', 'Neuer Weg', '6', '22525', 'Hamburg', '040/3456780', 'isabella.krause@email.de'),
('Müller', 'Alexander', '1998-04-30', 'Feldstrasse', '13', '22083', 'Hamburg', '040/4567891', 'alexander.mueller@email.de'),
('Roth', 'Svenja', '1993-07-01', 'Hafenstrasse', '2', '20457', 'Hamburg', '0176/5678902', 'svenja.roth@email.de'),
('Bauer', 'Tom', '1985-06-19', 'Bergweg', '15', '22089', 'Hamburg', '040/6789013', 'tom.bauer@email.de'),
('Scholz', 'Lara', '1999-08-23', 'Dorfstrasse', '18', '21109', 'Hamburg', '040/7890124', 'lara.scholz@email.de'),
('Brandt', 'Markus', '1990-02-28', 'Waldweg', '9', '22159', 'Hamburg', '040/9012346', 'markus.brandt@email.de'),
('Hansen', 'Tina', '1995-09-15', 'Seestrasse', '5', '22085', 'Hamburg', '0176/8901235', 'tina.hansen@email.de'),
('Lang', 'Christian', '1983-12-10', 'Mittelweg', '20', '22587', 'Hamburg', '040/1234569', 'christian.lang@email.de'),
('Schuster', 'Miriam', '1986-03-11', 'Gartenstrasse', '9', '22761', 'Hamburg', '0176/9012347', 'miriam.schuster@email.de'),
('Sommer', 'Kevin', '1989-05-29', 'Blumenweg', '6', '22880', 'Wedel', '040/6543210', 'kevin.sommer@email.de'),
('Fuchs', 'Sophie', '1992-11-13', 'Dammweg', '4', '22455', 'Hamburg', '040/5678901', 'sophie.fuchs@email.de'),
('Peters', 'Leon', '1997-02-07', 'Kirchstrasse', '17', '22949', 'Hamburg', '0176/6789012', 'leon.peters@email.de'),
('Grimm', 'Natalie', '1984-08-22', 'Finkenweg', '11', '22077', 'Hamburg', '040/7890125', 'natalie.grimm@email.de'),
('Voigt', 'Tobias', '1991-06-18', 'Birkenstrasse', '8', '22113', 'Hamburg', '040/8901236', 'tobias.voigt@email.de');

INSERT INTO supplier (supplier_name, street, house_number, zip_code, city, phone, email) VALUES
('Bio Farm Mueller', 'Dorfstrasse', '74', '24354', 'Weseby', '04354-9080', 'mueller@biohof.de'),
('Old Country Fruit Farm', 'Westerjork 74', '76', '21635', 'Jork', '04162-4523', 'info@biohof-altesland.de'),
('Henning Dairy', 'Dairy Road Customer', '13', '19217', 'Dechow', '038873-8976', 'info@molkerei-henning.de');

INSERT INTO ingredient (ingredient_name, unit, net_price, stock, supplier_id, calories, carbohydrates, protein) VALUES
('Zucchini', 'Piece', 0.89, 100, 1, 19, 2.00, 1.60),
('Onion', 'Piece', 0.15, 50, 1, 28, 4.90, 1.20),
('Tomato', 'Piece', 0.45, 50, 1, 18, 2.60, 1.00),
('Shallot', 'Piece', 0.20, 500, 1, 25, 3.30, 1.50),
('Carrot', 'Piece', 0.30, 500, 1, 41, 10.00, 0.90),
('Potato', 'Piece', 0.15, 1500, 1, 71, 14.60, 2.00),
('Arugula', 'Bunch', 0.90, 10, 1, 27, 2.10, 2.60),
('Leek', 'Piece', 1.20, 35, 1, 29, 3.30, 2.10),
('Garlic', 'Piece', 0.25, 250, 1, 141, 28.40, 6.10),
('Basil', 'Bunch', 1.30, 10, 1, 41, 5.10, 3.10),
('Sweet Potato', 'Piece', 2.00, 200, 1, 86, 20.00, 1.60),
('Chive', 'Bunch', 0.90, 10, 1, 28, 1.00, 3.00),
('Apple', 'Piece', 1.20, 750, 2, 54, 14.40, 0.30),
('Whole Milk 3.5%', 'Liter', 1.50, 50, 3, 65, 4.70, 3.40),
('Mozzarella', 'Pack', 3.50, 20, 3, 241, 1.00, 18.10),
('Butter', 'Piece', 3.00, 50, 3, 741, 0.60, 0.70),
('Egg', 'Piece', 0.40, 300, 2, 137, 1.50, 11.90),
('Vienna Sausages', 'Pair', 1.80, 40, 1, 331, 1.20, 9.90),
('Tofu Sausages', 'Piece', 1.80, 20, 3, 252, 7.00, 17.00),
('Couscous', 'Pack', 1.90, 15, 2, 351, 67.00, 12.00),
('Vegetable Broth', 'Cube', 0.20, 4000, 1, 1, 0.50, 0.50),
('Chickpeas', 'Can', 1.00, 400, 3, 150, 21.20, 9.00),
('Yellow bell pepper', 'Piece', 0.50, 700, 1, 50, 12.00, 1.00),
('Herbs', 'Bunch', 0.75, 300, 2, 43, 8.00, 3.00),
('Vegetable oil', 'Liter', 3.00, 150, 2, 884, 0.00, 0.00),
('Salt', 'Pack', 0.20, 1000, 2, 0, 0.00, 0.00),
('Pepper', 'Pack', 0.25, 500, 2, 251, 64.80, 10.40),
('Rice Pudding', 'Pack', 1.50, 400, 1, 130, 28.00, 2.00),
('Sugar', 'Pack', 0.75, 500, 2, 387, 100.00, 0.00),
('Vanilla Sugar', 'Pack', 0.50, 300, 2, 399, 99.80, 0.00),
('Apple Sauce', 'Glas', 1.00, 200, 1, 68, 18.00, 0.20),
('Parsley', 'Bunch', 0.75, 400, 2, 36, 6.00, 3.00),
('Marjoram', 'Pack', 0.50, 200, 2, 271, 60.00, 12.00),
('Nutmeg', 'Pack', 1.00, 150, 2, 525, 49.00, 6.00),
('Lasagna sheets', 'Pack', 2.50, 500, 2, 350, 70.00, 12.00),
('Spinach', 'Bunch', 1.20, 200, 3, 23, 3.60, 2.90),
('Salmon', 'Piece', 5.00, 300, 1, 208, 0.00, 20.00),
('Cheese (grated)', 'Pack', 3.00, 250, 3, 402, 1.30, 25.00),
('Flour', 'Pack', 1.00, 1000, 1, 364, 76.00, 10.00),
('Cream', 'Liter', 1.50, 250, 2, 195, 3.00, 2.00),
('Parmesan', 'Pack', 4.00, 200, 3, 431, 4.10, 38.00),
('Lemon', 'Piece', 0.80, 100, 1, 29, 9.00, 1.10),
('Chicken breast fillet', 'Piece', 6.00, 400, 2, 165, 0.00, 31.00),
('Rice', 'Pack', 2.00, 1000, 3, 130, 28.00, 2.70),
('Soy sauce', 'Glas', 2.20, 500, 1, 53, 4.90, 8.00),
('Mixed vegetables', 'Pack', 3.50, 500, 2, 50, 10.00, 3.00),
('Bamboo shoots', 'Pack', 1.75, 150, 3, 27, 5.20, 2.50),
('Coconut milk', 'Glas', 2.80, 400, 1, 230, 6.00, 2.00),
('Green curry paste', 'Pack', 3.20, 100, 2, 90, 12.00, 2.00);

INSERT INTO allergen_restriction (name) VALUES
('Lactose'),
('Wheat'),
('Gluten'),
('Starch'),
('Carrot');

INSERT INTO nutritional_category (name) VALUES
('Vegan'),
('Vegetarian'),
('Fruitarian'),
('Low Carb'),
('High Protein'),
('Gluten-Free'),
('Lactose-Free'),
('Sugar-Free'),
('Pescetarian');

INSERT INTO recipe (recipe_name, net_price, preparation_time, instructions) VALUES
('Couscous with Vegetables', 8.14, 20, 'Place the couscous in a bowl and pour boiling vegetable broth over it. Stir briefly and let it swell, adding water if necessary. Meanwhile, wash and dice the vegetables. Wash and finely chop the herbs. Mix these ingredients with the couscous. Add oil and finally season with salt and pepper.'),
('Rice Pudding with Apple Sauce', 8.25, 40, 'Melt the butter in a large pot, then briefly sauté the short-grain rice in the butter. Add the room-temperature whole milk and sugar. Add the vanilla sugar. Bring everything to a boil while stirring gently with a wooden spoon, making sure nothing sticks to the bottom. Place the pot on a stove set to the lowest heat. Let the rice pudding sit in the closed pot for exactly 30 minutes. Stir once halfway through. After 30 minutes, the rice pudding is ready to serve and can be enjoyed warm or cold. Serve with apple sauce to taste.'),
('Creamy Potato Soup with Sausages', 7.35, 40, 'Peel and roughly cube the potatoes and carrot. Dice the onion. Slice the leek into rings. Sauté the onions in a bit of olive oil until translucent, then add the leek and sauté briefly. Deglaze with vegetable broth. Add the cubed potatoes and carrot to the broth. Simmer everything for about 20 minutes. Puree everything into a soup using an immersion blender, then season with pepper and nutmeg. Place sliced sausages in the soup bowl and pour the hot potato soup over them.'),
('Salmon Lasagna', 10.80, 75, 'Pre-cook the spinach for 5 minutes, squeeze out excess moisture until completely dry, and season. Let the salmon thaw slightly, cut it into small pieces, and season with lemon juice, salt, and pepper. For the béchamel sauce, melt the butter in a pot, stir in the flour, and gradually add the milk. Add the broth and let it cook for 5 minutes. Then, stir in the cream and bring it to a boil again. Finally, add the Parmesan and season with pepper and nutmeg. Now, layer everything in an ovenproof dish: Start with a layer of sauce, then add lasagna sheets, sauce, spinach, salmon, cheese, more lasagna sheets, and so on. The final layer should be sauce. Bake the lasagna in the oven at 200°C (392°F) for 45 minutes.'),
('Thai Curry with Chicken', 9.50, 80, 'Cut the chicken breast into strips and marinate it in a mixture of soy sauce, pepper, and sugar for about 1 hour. Sear the marinated chicken well in a wok or pan, then remove it. Wash and finely chop the mixed vegetables and bamboo shoots, then sauté them briefly and remove them as well. Mix the curry paste and coconut milk in the wok and let it briefly simmer. Then, return the chicken and vegetables to the wok and let them simmer for a short while. Season with soy sauce to taste. Meanwhile, cook the rice and drain it before serving.');

INSERT INTO recipe_allergen_restriction (recipe_id, allergen_restriction_id) VALUES
(1, 2),
(1, 3),
(1, 4),
(1, 5),
(2, 1),
(2, 4),
(3, 4),
(3, 5),
(4, 1),
(4, 2),
(4, 3),
(4, 4);

INSERT INTO recipe_ingredient (recipe_id, ingredient_id, quantity) VALUES
(1, 1, 1),
(1, 3, 3),
(3, 2, 1),
(3, 5, 1),
(3, 6, 5),
(1, 23, 1),
(1, 20, 1),
(1, 21, 1),
(1, 24, 1),
(2, 28, 1),
(2, 31, 1),
(2, 30, 1),
(3, 8, 1),
(3, 12, 1),
(3, 18, 1),
(3, 19, 1),
(3, 32, 1),
(3, 33, 1),
(3, 34, 1),
(4, 35, 1),
(4, 36, 4),
(4, 37, 2),
(4, 38, 1),
(4, 41, 1),
(4, 42, 1),
(4, 21, 1),
(5, 43, 2),
(5, 44, 1),
(5, 46, 1),
(5, 47, 1),
(5, 48, 1),
(5, 49, 1),
(5, 9, 1);

INSERT INTO recipe_nutritional_category (recipe_id, nutritional_category_id) VALUES
(1, 1),
(1, 2),
(1, 7),
(2, 2),
(2, 6),
(3, 7),
(4, 5),
(5, 5),
(5, 7),
(4, 9);

INSERT INTO "order" (customer_id, order_date, invoice_amount) VALUES
(1, '2020-07-01', 6.21),
(2, '2020-07-08', 32.96),
(3, '2020-08-01', 24.08),
(4, '2020-08-02', 19.90),
(5, '2020-08-02', 6.47),
(6, '2020-08-10', 6.96),
(7, '2020-08-10', 2.41),
(8, '2020-08-10', 13.80),
(9, '2020-08-10', 8.67),
(10, '2020-08-15', 17.98),
(11, '2020-08-12', 8.67),
(12, '2020-08-13', 20.87),
(13, '2022-11-19', 8.14),
(14, '2023-03-05', 24.42),
(15, '2024-04-16', 8.14),
(16, '2024-01-20', 8.14),
(17, '2023-07-28', 8.14),
(18, '2024-10-19', 8.14),
(19, '2022-12-26', 8.25),
(20, '2024-08-17', 8.25),
(21, '2024-12-18', 8.25),
(22, '2021-11-11', 7.35),
(23, '2021-10-27', 7.35),
(24, '2024-06-27', 36.75),
(25, '2021-09-22', 7.35),
(26, '2023-04-02', 7.35),
(27, '2024-12-01', 7.35),
(28, '2020-07-15', 7.35),
(29, '2024-07-26', 7.35),
(30, '2021-02-23', 7.35),
(31, '2021-12-30', 7.35),
(32, '2023-05-22', 10.80),
(33, '2023-09-25', 43.20),
(34, '2020-10-19', 21.60),
(35, '2023-04-23', 10.80),
(36, '2021-09-29', 10.80),
(37, '2020-06-21', 10.80),
(38, '2022-12-06', 19.00),
(39, '2021-04-15', 9.50),
(40, '2020-07-29', 9.50),
(41, '2020-10-18', 9.50),
(42, '2020-05-03', 9.50),
(43, '2023-01-10', 9.50),
(44, '2022-11-07', 9.50);

INSERT INTO order_ingredient (order_id, ingredient_id, quantity) VALUES
(1, 1, 5),
(1, 2, 3),
(1, 6, 2),
(1, 4, 3),
(2, 19, 10),
(2, 5, 5),
(2, 3, 4),
(2, 20, 5),
(3, 22, 15),
(3, 14, 5),
(4, 19, 7),
(4, 16, 2),
(5, 2, 4),
(5, 4, 5),
(5, 1, 5),
(7, 9, 9),
(6, 10, 5),
(8, 12, 5),
(8, 8, 7),
(9, 7, 4),
(9, 12, 5),
(10, 11, 7),
(10, 17, 7),
(11, 18, 2),
(11, 12, 5),
(12, 10, 15);

INSERT INTO order_recipe (order_id, recipe_id, quantity) VALUES
(13, 3, 1),
(14, 2, 3),
(15, 3, 1),
(16, 1, 1),
(17, 1, 1),
(18, 1, 1),
(19, 2, 1),
(20, 3, 1),
(21, 1, 1),
(22, 3, 1),
(23, 3, 1),
(24, 2, 4),
(25, 3, 1),
(26, 3, 1),
(27, 3, 1),
(28, 3, 1),
(29, 3, 1),
(30, 3, 1),
(31, 3, 1),
(32, 3, 1),
(33, 1, 5),
(34, 3, 3),
(35, 5, 1),
(36, 2, 1),
(37, 5, 1),
(38, 5, 2),
(39, 1, 1),
(40, 5, 1),
(41, 5, 1),
(42, 1, 1),
(43, 1, 1),
(44, 3, 1);